Sample,&alpha;,&beta;<sup>1</sup>,p<sup>1</sup>,&beta;<sup>+</sup>,p<sup>+</sup>,LRT,p-value,# branches under selection,Total branch length,MEME LogL,FEL LogL,FEL &alpha;,FEL &beta;
Primate_BTG1.1.codon.fas.MEME.json,0.0,0.0,1.0,0.0,0.0,0.0,1.0,0,0,0.0,0.0,1.0,0.0
Primate_BTG1.1.codon.fas.MEME.json,0.0,0.0,1.0,0.0,0.0,0.0,1.0,0,0,0.0,0.0,1.0,0.0
Primate_BTG1.1.codon.fas.MEME.json,0.0,0.0,1.0,0.0,0.0,0.0,1.0,0,0,0.0,0.0,1.0,0.0
Primate_BTG1.1.codon.fas.MEME.json,0.0,0.0,1.0,0.0,0.0,0.0,1.0,0,0,0.0,0.0,1.0,0.0
Primate_BTG1.1.codon.fas.MEME.json,0.0,0.0,1.0,0.0,0.0,0.0,1.0,0,0,0.0,0.0,1.0,0.0
Primate_BTG1.1.codon.fas.MEME.json,0.0,0.0,1.0,0.0,0.0,0.0,1.0,0,0,0.0,0.0,1.0,0.0
Primate_BTG1.1.codon.fas.MEME.json,0.0,0.0,1.0,0.0,0.0,0.0,1.0,0,0,0.0,0.0,1.0,0.0
Primate_BTG1.1.codon.fas.MEME.json,0.0,0.0,1.0,0.0,0.0,0.0,1.0,0,0,0.0,0.0,1.0,0.0
Primate_BTG1.1.codon.fas.MEME.json,0.0,0.0,1.0,0.0,0.0,0.0,1.0,0,0,0.0,0.0,1.0,0.0
Primate_BTG1.1.codon.fas.MEME.json,0.0,0.0,1.0,0.0,0.0,0.0,1.0,0,0,0.0,0.0,1.0,0.0
Primate_BTG1.1.codon.fas.MEME.json,0.0,0.0,1.0,0.0,0.0,0.0,1.0,0,0,0.0,0.0,1.0,0.0
Primate_BTG1.1.codon.fas.MEME.json,0.0,0.0,1.0,0.0,0.0,0.0,1.0,0,0,0.0,0.0,1.0,0.0
Primate_BTG1.1.codon.fas.MEME.json,0.0,0.0,1.0,0.0,0.0,0.0,1.0,0,0,0.0,0.0,1.0,0.0
Primate_BTG1.1.codon.fas.MEME.json,0.0,0.0,1.0,0.0,0.0,0.0,1.0,0,0,0.0,0.0,1.0,0.0
Primate_BTG1.1.codon.fas.MEME.json,0.0,0.0,1.0,0.0,0.0,0.0,1.0,0,0,0.0,0.0,1.0,0.0
Primate_BTG1.1.codon.fas.MEME.json,0.0,0.0,1.0,0.0,0.0,0.0,1.0,0,0,0.0,0.0,1.0,0.0
Primate_BTG1.1.codon.fas.MEME.json,0.0,0.0,1.0,0.0,0.0,0.0,1.0,0,0,0.0,0.0,1.0,0.0
Primate_BTG1.1.codon.fas.MEME.json,0.0,0.0,1.0,0.0,0.0,0.0,1.0,0,0,0.0,0.0,1.0,0.0
Primate_BTG1.1.codon.fas.MEME.json,0.0,0.0,1.0,0.0,0.0,0.0,1.0,0,0,0.0,0.0,1.0,0.0
Primate_BTG1.1.codon.fas.MEME.json,0.0,0.0,1.0,0.0,0.0,0.0,1.0,0,0,0.0,0.0,1.0,0.0
Primate_BTG1.1.codon.fas.MEME.json,0.0,0.0,1.0,0.0,0.0,0.0,1.0,0,0,0.0,0.0,1.0,0.0
Primate_BTG1.1.codon.fas.MEME.json,0.0,0.0,1.0,0.0,0.0,0.0,1.0,0,0,0.0,0.0,1.0,0.0
Primate_BTG1.1.codon.fas.MEME.json,0.0,0.0,1.0,0.0,0.0,0.0,1.0,0,0,0.0,0.0,1.0,0.0
Primate_BTG1.1.codon.fas.MEME.json,0.0,0.0,1.0,0.0,0.0,0.0,1.0,0,0,0.0,0.0,1.0,0.0
Primate_BTG1.1.codon.fas.MEME.json,0.0,0.0,1.0,0.0,0.0,0.0,1.0,0,0,0.0,0.0,1.0,0.0
Primate_BTG1.1.codon.fas.MEME.json,0.0,0.0,1.0,0.0,0.0,0.0,1.0,0,0,0.0,0.0,1.0,0.0
Primate_BTG1.1.codon.fas.MEME.json,0.0,0.0,1.0,0.0,0.0,0.0,1.0,0,0,0.0,0.0,1.0,0.0
Primate_BTG1.1.codon.fas.MEME.json,0.0,0.0,1.0,0.0,0.0,0.0,1.0,0,0,0.0,0.0,1.0,0.0
Primate_BTG1.1.codon.fas.MEME.json,0.0,0.0,1.0,0.0,0.0,0.0,1.0,0,0,0.0,0.0,1.0,0.0
Primate_BTG1.1.codon.fas.MEME.json,0.0,0.0,1.0,0.0,0.0,0.0,1.0,0,0,0.0,0.0,1.0,0.0
Primate_BTG1.1.codon.fas.MEME.json,0.0,0.0,1.0,0.0,0.0,0.0,1.0,0,0,0.0,0.0,1.0,0.0
Primate_BTG1.1.codon.fas.MEME.json,0.0,0.0,1.0,0.0,0.0,0.0,1.0,0,0,0.0,0.0,1.0,0.0
Primate_BTG1.1.codon.fas.MEME.json,0.0,0.0,1.0,0.0,0.0,0.0,1.0,0,0,0.0,0.0,1.0,0.0
Primate_BTG1.1.codon.fas.MEME.json,0.0,0.0,1.0,0.0,0.0,0.0,1.0,0,0,0.0,0.0,1.0,0.0
Primate_BTG1.1.codon.fas.MEME.json,0.0,0.0,1.0,0.0,0.0,0.0,1.0,0,0,0.0,0.0,1.0,0.0
Primate_BTG1.1.codon.fas.MEME.json,0.0,0.0,1.0,0.0,0.0,0.0,1.0,0,0,0.0,0.0,1.0,0.0
Primate_BTG1.1.codon.fas.MEME.json,0.0,0.0,1.0,0.0,0.0,0.0,1.0,0,0,0.0,0.0,1.0,0.0
Primate_BTG1.1.codon.fas.MEME.json,0.0,0.0,1.0,0.0,0.0,0.0,1.0,0,0,0.0,0.0,1.0,0.0
Primate_BTG1.1.codon.fas.MEME.json,0.0,0.0,1.0,0.0,0.0,0.0,1.0,0,0,0.0,0.0,1.0,0.0
Primate_BTG1.1.codon.fas.MEME.json,0.0,0.0,1.0,0.0,0.0,0.0,1.0,0,0,0.0,0.0,1.0,0.0
Primate_BTG1.1.codon.fas.MEME.json,0.0,0.0,1.0,0.0,0.0,0.0,1.0,0,0,0.0,0.0,1.0,0.0
Primate_BTG1.1.codon.fas.MEME.json,0.0,0.0,1.0,0.0,0.0,0.0,1.0,0,0,0.0,0.0,1.0,0.0
Primate_BTG1.1.codon.fas.MEME.json,0.0,0.0,1.0,0.0,0.0,0.0,1.0,0,0,0.0,0.0,1.0,0.0
Primate_BTG1.1.codon.fas.MEME.json,0.0,0.0,1.0,0.0,0.0,0.0,1.0,0,0,0.0,0.0,1.0,0.0
Primate_BTG1.1.codon.fas.MEME.json,0.0,0.0,1.0,0.0,0.0,0.0,1.0,0,0,0.0,0.0,1.0,0.0
Primate_BTG1.1.codon.fas.MEME.json,0.0,0.0,1.0,0.0,0.0,0.0,1.0,0,0,0.0,0.0,1.0,0.0
Primate_BTG1.1.codon.fas.MEME.json,0.0,0.0,1.0,0.0,0.0,0.0,1.0,0,0,0.0,0.0,1.0,0.0
Primate_BTG1.1.codon.fas.MEME.json,0.0,0.0,1.0,0.0,0.0,0.0,1.0,0,0,0.0,0.0,1.0,0.0
Primate_BTG1.1.codon.fas.MEME.json,0.0,0.0,1.0,0.0,0.0,0.0,1.0,0,0,0.0,0.0,1.0,0.0
Primate_BTG1.1.codon.fas.MEME.json,0.0,0.0,1.0,0.0,0.0,0.0,1.0,0,0,0.0,0.0,1.0,0.0
Primate_BTG1.1.codon.fas.MEME.json,0.0,0.0,1.0,0.0,0.0,0.0,1.0,0,0,0.0,0.0,1.0,0.0
Primate_BTG1.1.codon.fas.MEME.json,0.0,0.0,1.0,0.0,0.0,0.0,1.0,0,0,0.0,0.0,1.0,0.0
Primate_BTG1.1.codon.fas.MEME.json,0.0,0.0,1.0,0.0,0.0,0.0,1.0,0,0,0.0,0.0,1.0,0.0
Primate_BTG1.1.codon.fas.MEME.json,0.0,0.0,1.0,0.0,0.0,0.0,1.0,0,0,0.0,0.0,1.0,0.0
Primate_BTG1.1.codon.fas.MEME.json,0.0,0.0,1.0,0.0,0.0,0.0,1.0,0,0,0.0,0.0,1.0,0.0
Primate_BTG1.1.codon.fas.MEME.json,0.0,0.0,1.0,0.0,0.0,0.0,1.0,0,0,0.0,0.0,1.0,0.0
Primate_BTG1.1.codon.fas.MEME.json,0.0,0.0,1.0,0.0,0.0,0.0,1.0,0,0,0.0,0.0,1.0,0.0
Primate_BTG1.1.codon.fas.MEME.json,0.0,0.0,1.0,0.0,0.0,0.0,1.0,0,0,0.0,0.0,1.0,0.0
Primate_BTG1.1.codon.fas.MEME.json,0.0,0.0,1.0,0.0,0.0,0.0,1.0,0,0,0.0,0.0,1.0,0.0
Primate_BTG1.1.codon.fas.MEME.json,0.0,0.0,1.0,0.0,0.0,0.0,1.0,0,0,0.0,0.0,1.0,0.0
Primate_BTG1.1.codon.fas.MEME.json,0.0,0.0,1.0,0.0,0.0,0.0,1.0,0,0,0.0,0.0,1.0,0.0
Primate_BTG1.1.codon.fas.MEME.json,0.0,0.0,1.0,0.0,0.0,0.0,1.0,0,0,0.0,0.0,1.0,0.0
Primate_BTG1.1.codon.fas.MEME.json,0.0,0.0,1.0,0.0,0.0,0.0,1.0,0,0,0.0,0.0,1.0,0.0
Primate_BTG1.1.codon.fas.MEME.json,0.0,0.0,1.0,0.0,0.0,0.0,1.0,0,0,0.0,0.0,1.0,0.0
Primate_BTG1.1.codon.fas.MEME.json,0.0,0.0,1.0,0.0,0.0,0.0,1.0,0,0,0.0,0.0,1.0,0.0
Primate_BTG1.1.codon.fas.MEME.json,0.0,0.0,1.0,0.0,0.0,0.0,1.0,0,0,0.0,0.0,1.0,0.0
Primate_BTG1.1.codon.fas.MEME.json,0.0,0.0,1.0,0.0,0.0,0.0,1.0,0,0,0.0,0.0,1.0,0.0
Primate_BTG1.1.codon.fas.MEME.json,0.0,0.0,1.0,0.0,0.0,0.0,1.0,0,0,0.0,0.0,1.0,0.0
Primate_BTG1.1.codon.fas.MEME.json,0.0,0.0,1.0,0.0,0.0,0.0,1.0,0,0,0.0,0.0,1.0,0.0
Primate_BTG1.1.codon.fas.MEME.json,0.0,0.0,1.0,0.0,0.0,0.0,1.0,0,0,0.0,0.0,1.0,0.0
Primate_BTG1.1.codon.fas.MEME.json,0.0,0.0,1.0,0.0,0.0,0.0,1.0,0,0,0.0,0.0,1.0,0.0
Primate_BTG1.1.codon.fas.MEME.json,0.0,0.0,1.0,0.0,0.0,0.0,1.0,0,0,0.0,0.0,1.0,0.0
Primate_BTG1.1.codon.fas.MEME.json,0.0,0.0,1.0,0.0,0.0,0.0,1.0,0,0,0.0,0.0,1.0,0.0
Primate_BTG1.1.codon.fas.MEME.json,0.0,0.0,1.0,0.0,0.0,0.0,1.0,0,0,0.0,0.0,1.0,0.0
Primate_BTG1.1.codon.fas.MEME.json,0.0,0.0,1.0,0.0,0.0,0.0,1.0,0,0,0.0,0.0,1.0,0.0
Primate_BTG1.1.codon.fas.MEME.json,0.0,0.0,1.0,0.0,0.0,0.0,1.0,0,0,0.0,0.0,1.0,0.0
Primate_BTG1.1.codon.fas.MEME.json,0.0,0.0,1.0,0.0,0.0,0.0,1.0,0,0,0.0,0.0,1.0,0.0
Primate_BTG1.1.codon.fas.MEME.json,0.0,0.0,1.0,0.0,0.0,0.0,1.0,0,0,0.0,0.0,1.0,0.0
Primate_BTG1.1.codon.fas.MEME.json,0.0,0.0,1.0,0.0,0.0,0.0,1.0,0,0,0.0,0.0,1.0,0.0
Primate_BTG1.1.codon.fas.MEME.json,0.0,0.0,1.0,0.0,0.0,0.0,1.0,0,0,0.0,0.0,1.0,0.0
Primate_BTG1.1.codon.fas.MEME.json,0.0,0.0,1.0,0.0,0.0,0.0,1.0,0,0,0.0,0.0,1.0,0.0
Primate_BTG1.1.codon.fas.MEME.json,0.0,0.0,1.0,0.0,0.0,0.0,1.0,0,0,0.0,0.0,1.0,0.0
Primate_BTG1.1.codon.fas.MEME.json,0.0,0.0,1.0,0.0,0.0,0.0,1.0,0,0,0.0,0.0,1.0,0.0
Primate_BTG1.1.codon.fas.MEME.json,0.0,0.0,1.0,0.0,0.0,0.0,1.0,0,0,0.0,0.0,1.0,0.0
Primate_BTG1.1.codon.fas.MEME.json,0.0,0.0,1.0,0.0,0.0,0.0,1.0,0,0,0.0,0.0,1.0,0.0
Primate_BTG1.1.codon.fas.MEME.json,0.0,0.0,1.0,0.0,0.0,0.0,1.0,0,0,0.0,0.0,1.0,0.0
Primate_BTG1.1.codon.fas.MEME.json,0.0,0.0,1.0,0.0,0.0,0.0,1.0,0,0,0.0,0.0,1.0,0.0
Primate_BTG1.1.codon.fas.MEME.json,0.0,0.0,1.0,0.0,0.0,0.0,1.0,0,0,0.0,0.0,1.0,0.0
Primate_BTG1.1.codon.fas.MEME.json,0.0,0.0,1.0,0.0,0.0,0.0,1.0,0,0,0.0,0.0,1.0,0.0
Primate_BTG1.1.codon.fas.MEME.json,0.0,0.0,1.0,0.0,0.0,0.0,1.0,0,0,0.0,0.0,1.0,0.0
Primate_BTG1.1.codon.fas.MEME.json,0.0,0.0,1.0,0.0,0.0,0.0,1.0,0,0,0.0,0.0,1.0,0.0
Primate_BTG1.1.codon.fas.MEME.json,0.0,0.0,1.0,0.0,0.0,0.0,1.0,0,0,0.0,0.0,1.0,0.0
Primate_BTG1.1.codon.fas.MEME.json,0.0,0.0,1.0,0.0,0.0,0.0,1.0,0,0,0.0,0.0,1.0,0.0
Primate_BTG1.1.codon.fas.MEME.json,0.7170083128633136,9.769121081138713e-08,1e-08,0.0933524749522778,0.99999999,0.0,0.6666666666666666,0,0,-7.165793152378924,-7.165685483098511,0.9998923365157112,0.7230220228491321
Primate_BTG1.1.codon.fas.MEME.json,0.571900760947211,9.429211140525365e-08,1e-08,0.0479778294989137,0.99999999,0.0,0.6666666666666666,0,0,-9.019281742807822,-8.987662467197913,0.9688753863572784,0.7230220228491321
Primate_BTG1.1.codon.fas.MEME.json,0.0,0.0,1.0,0.0,0.0,0.0,1.0,0,0,0.0,0.0,1.0,0.0
Primate_BTG1.1.codon.fas.MEME.json,0.1809254850647664,2.5049985920570354e-08,1e-08,0.9094058797193612,0.99999999,0.0,0.6666666666666666,0,0,-7.393512140387408,-6.701994410418201,0.5008153894074087,0.7230220228491321
Primate_BTG1.1.codon.fas.MEME.json,0.0,0.0,1.0,0.0,0.0,0.0,1.0,0,0,0.0,0.0,1.0,0.0
Primate_BTG1.1.codon.fas.MEME.json,0.0,0.0,1.0,0.0,0.0,0.0,1.0,0,0,0.0,0.0,1.0,0.0
Primate_BTG1.1.codon.fas.MEME.json,0.0,0.0,1.0,0.0,0.0,0.0,1.0,0,0,0.0,0.0,1.0,0.0
Primate_BTG1.1.codon.fas.MEME.json,0.0,0.0,1.0,0.0,0.0,0.0,1.0,0,0,0.0,0.0,1.0,0.0
Primate_BTG1.1.codon.fas.MEME.json,0.0,0.0,1.0,0.0,0.0,0.0,1.0,0,0,0.0,0.0,1.0,0.0
Primate_BTG1.1.codon.fas.MEME.json,0.0,0.0,1.0,0.0,0.0,0.0,1.0,0,0,0.0,0.0,1.0,0.0
Primate_BTG1.1.codon.fas.MEME.json,0.2614554314542345,3.944679093966799e-08,1e-08,0.3142498655831421,0.99999999,0.0,0.6666666666666666,0,0,-6.066680927503348,-5.648566025597614,0.6582865856781872,0.7230220228491321
Primate_BTG1.1.codon.fas.MEME.json,0.2642106003191285,3.478658982540829e-08,1e-08,0.8760520082485365,0.99999999,0.0,0.6666666666666666,0,0,-5.645804644144341,-5.227746297804239,0.6583238165011868,0.7230220228491321
Primate_BTG1.1.codon.fas.MEME.json,0.3994144666659596,5.5009441626916194e-08,1e-08,0.7489577959206885,0.99999999,0.0,0.6666666666666666,0,0,-6.828323082599423,-6.580382903950496,0.7804066268490744,0.7230220228491321
Primate_BTG1.2.codon.fas.MEME.json,32.0778564665215,2.222074784580307e-06,1e-08,0.0112881453546163,0.99999999,0.0,0.6666666666666666,0,0,-7.312260122595483,-5.587248634867564,0.1781710049383995,1.693214242839528
Primate_BTG1.2.codon.fas.MEME.json,0.0,0.0,1.0,0.0,0.0,0.0,1.0,0,0,0.0,0.0,1.0,0.0
Primate_BTG1.2.codon.fas.MEME.json,0.0,0.0,1.0,0.0,0.0,0.0,1.0,0,0,0.0,0.0,1.0,0.0
Primate_BTG1.2.codon.fas.MEME.json,0.0,0.0,1.0,0.0,0.0,0.0,1.0,0,0,0.0,0.0,1.0,0.0
Primate_BTG1.2.codon.fas.MEME.json,58.54999920911128,3.918814806680395e-06,1e-08,0.0163873827256578,0.99999999,0.0,0.6666666666666666,0,0,-7.48338699438396,-6.375245826088052,0.3301721253937056,1.693214242839528
Primate_BTG1.2.codon.fas.MEME.json,3.954125905659217,2.660282079694045e-07,1e-08,0.1555756026895125,0.99999999,0.0,0.6666666666666666,0,0,-7.163723431937581,-6.992310751227979,0.8424738290170724,1.693214242839528
Primate_BTG1.2.codon.fas.MEME.json,0.0,0.0,1.0,0.0,0.0,0.0,1.0,0,0,0.0,0.0,1.0,0.0
Primate_BTG1.2.codon.fas.MEME.json,7.90926114822895,5.234976721769733e-07,1e-08,0.0632876296212227,0.99999999,0.0,0.6666666666666666,0,0,-6.929023038455198,-6.651763839729568,0.757858035800673,1.693214242839528
Primate_BTG1.2.codon.fas.MEME.json,1.164623022635002,5.2774468081845295e-09,1e-08,0.1336428570334603,0.99999999,0.0,0.6666666666666666,0,0,-7.603825616603727,-7.603689927087744,0.9998643196894158,1.131615394635716
Primate_BTG1.2.codon.fas.MEME.json,4.001700734360043,2.869743399136165e-07,1e-08,0.0705741159418113,0.99999999,0.0,0.6666666666666666,0,0,-7.270340618214414,-7.098874065409438,0.8424284444090956,1.693214242839528
Primate_BTG1.2.codon.fas.MEME.json,0.0,0.0,1.0,0.0,0.0,0.0,1.0,0,0,0.0,0.0,1.0,0.0
Primate_BTG1.2.codon.fas.MEME.json,0.0,0.0,1.0,0.0,0.0,0.0,1.0,0,0,0.0,0.0,1.0,0.0
Primate_BTG1.2.codon.fas.MEME.json,0.0,0.0,1.0,0.0,0.0,0.0,1.0,0,0,0.0,0.0,1.0,0.0
Primate_BTG1.2.codon.fas.MEME.json,0.0,0.0,1.0,0.0,0.0,0.0,1.0,0,0,0.0,0.0,1.0,0.0
Primate_BTG1.2.codon.fas.MEME.json,0.0,0.0,1.0,0.0,0.0,0.0,1.0,0,0,0.0,0.0,1.0,0.0
Primate_BTG1.2.codon.fas.MEME.json,0.0,0.0,1.0,0.0,0.0,0.0,1.0,0,0,0.0,0.0,1.0,0.0
Primate_BTG1.2.codon.fas.MEME.json,0.0,0.0,1.0,0.0,0.0,0.0,1.0,0,0,0.0,0.0,1.0,0.0
Primate_BTG1.2.codon.fas.MEME.json,0.0,0.0,1.0,0.0,0.0,0.0,1.0,0,0,0.0,0.0,1.0,0.0
Primate_BTG1.2.codon.fas.MEME.json,86.62828362425685,5.793413982435058e-06,1e-08,0.2076820523799973,0.99999999,0.0,0.6666666666666666,0,0,-9.916154525796824,-7.463069559091386,0.0860277838695408,1.693214242839528
Primate_BTG1.3.codon.fas.MEME.json,0.0,0.0,1.0,0.0,0.0,0.0,1.0,0,0,0.0,0.0,1.0,0.0
Primate_BTG1.3.codon.fas.MEME.json,0.0,0.0,1.0,0.0,0.0,0.0,1.0,0,0,0.0,0.0,1.0,0.0
Primate_BTG1.3.codon.fas.MEME.json,33.88072539141166,0.0024293574637266,1e-08,0.1964556165297697,0.99999999,0.0,0.6666666666666666,0,0,-8.927170460405998,-8.927315120182296,1.0,34.47868068211261
Primate_BTG1.3.codon.fas.MEME.json,0.0,0.0,1.0,0.0,0.0,0.0,1.0,0,0,0.0,0.0,1.0,0.0
Primate_BTG1.3.codon.fas.MEME.json,0.0,0.0,1.0,0.0,0.0,0.0,1.0,0,0,0.0,0.0,1.0,0.0
Primate_BTG1.3.codon.fas.MEME.json,0.0,0.0,1.0,0.0,0.0,0.0,1.0,0,0,0.0,0.0,1.0,0.0
Primate_BTG1.3.codon.fas.MEME.json,0.0,0.0,1.0,0.0,0.0,0.0,1.0,0,0,0.0,0.0,1.0,0.0
Primate_BTG1.3.codon.fas.MEME.json,0.0,0.0,1.0,0.0,0.0,0.0,1.0,0,0,0.0,0.0,1.0,0.0
Primate_BTG1.3.codon.fas.MEME.json,0.0,0.0,1.0,0.0,0.0,0.0,1.0,0,0,0.0,0.0,1.0,0.0
Primate_BTG1.3.codon.fas.MEME.json,44.61102305554579,0.0027403190689828,1e-08,0.6683006111894783,0.99999999,0.0,0.6666666666666666,0,0,-7.184381042281872,-7.184932343763927,1.0,46.4855968473682
Primate_BTG1.3.codon.fas.MEME.json,47.17572512499898,0.0038745561813372,1e-08,0.6470940552247446,0.99999999,0.0,0.6666666666666666,0,0,-11.37902528020825,-11.37903162006074,1.0,47.32705578261039
Primate_BTG1.3.codon.fas.MEME.json,0.0,0.0,1.0,0.0,0.0,0.0,1.0,0,0,0.0,0.0,1.0,0.0
Primate_BTG1.3.codon.fas.MEME.json,0.0,0.0,1.0,0.0,0.0,0.0,1.0,0,0,0.0,0.0,1.0,0.0
Primate_BTG1.3.codon.fas.MEME.json,0.0,0.0,1.0,0.0,0.0,0.0,1.0,0,0,0.0,0.0,1.0,0.0
Primate_BTG1.3.codon.fas.MEME.json,0.0,0.0,1.0,0.0,0.0,0.0,1.0,0,0,0.0,0.0,1.0,0.0
Primate_BTG1.3.codon.fas.MEME.json,0.0,0.0,1.0,0.0,0.0,0.0,1.0,0,0,0.0,0.0,1.0,0.0
Primate_BTG1.3.codon.fas.MEME.json,0.0,0.0,1.0,0.0,0.0,0.0,1.0,0,0,0.0,0.0,1.0,0.0
Primate_BTG1.3.codon.fas.MEME.json,0.0,0.0,1.0,0.0,0.0,0.0,1.0,0,0,0.0,0.0,1.0,0.0
Primate_BTG1.3.codon.fas.MEME.json,0.0,0.0,1.0,0.0,0.0,0.0,1.0,0,0,0.0,0.0,1.0,0.0
Primate_BTG1.3.codon.fas.MEME.json,0.0,0.0,1.0,0.0,0.0,0.0,1.0,0,0,0.0,0.0,1.0,0.0
Primate_BTG1.3.codon.fas.MEME.json,0.0,0.0,1.0,0.0,0.0,0.0,1.0,0,0,0.0,0.0,1.0,0.0
Primate_BTG1.3.codon.fas.MEME.json,25.37208816815458,0.0026991893445316,1e-08,0.1860385590969621,0.99999999,0.0,0.6666666666666666,0,0,-9.504999568783726,-9.505102483396849,1.0,25.76782864434516
Primate_BTG1.3.codon.fas.MEME.json,0.0,0.0,1.0,0.0,0.0,0.0,1.0,0,0,0.0,0.0,1.0,0.0
Primate_BTG1.3.codon.fas.MEME.json,0.0,0.0,1.0,0.0,0.0,0.0,1.0,0,0,0.0,0.0,1.0,0.0
Primate_BTG1.3.codon.fas.MEME.json,0.0,0.0,1.0,0.0,0.0,0.0,1.0,0,0,0.0,0.0,1.0,0.0
Primate_BTG1.3.codon.fas.MEME.json,79.61322866323653,0.0009954278977642,1e-08,0.4509353303640455,0.99999999,0.0,0.6666666666666666,0,0,-8.748833928117971,-8.74964306073372,1.0,82.74581637873223
Primate_BTG1.3.codon.fas.MEME.json,0.0,0.0,1.0,0.0,0.0,0.0,1.0,0,0,0.0,0.0,1.0,0.0
Primate_BTG1.3.codon.fas.MEME.json,0.0,0.0,1.0,0.0,0.0,0.0,1.0,0,0,0.0,0.0,1.0,0.0
Primate_BTG1.3.codon.fas.MEME.json,28.17680087639818,0.0036829464817933,1e-08,0.1100496195278491,0.99999999,0.0,0.6666666666666666,0,0,-9.653354123285464,-9.653520787317984,1.0,28.00129485176311
Primate_BTG1.3.codon.fas.MEME.json,0.0,0.0,1.0,0.0,0.0,0.0,1.0,0,0,0.0,0.0,1.0,0.0
Primate_BTG1.3.codon.fas.MEME.json,0.0,0.0,1.0,0.0,0.0,0.0,1.0,0,0,0.0,0.0,1.0,0.0
Primate_BTG1.3.codon.fas.MEME.json,0.0,0.0,1.0,0.0,0.0,0.0,1.0,0,0,0.0,0.0,1.0,0.0
Primate_BTG1.3.codon.fas.MEME.json,0.0,0.0,1.0,0.0,0.0,0.0,1.0,0,0,0.0,0.0,1.0,0.0
Primate_BTG1.3.codon.fas.MEME.json,49.04167769548815,0.0029302299348468,1e-08,0.1807224062970731,0.99999999,0.0,0.6666666666666666,0,0,-10.68571387331466,-10.68571961022332,1.0,50.14632831057562
Primate_BTG1.3.codon.fas.MEME.json,0.0,0.0,1.0,0.0,0.0,0.0,1.0,0,0,0.0,0.0,1.0,0.0
Primate_BTG1.3.codon.fas.MEME.json,0.0,0.0,1.0,0.0,0.0,0.0,1.0,0,0,0.0,0.0,1.0,0.0
Primate_BTG1.3.codon.fas.MEME.json,0.0,0.0,1.0,0.0,0.0,0.0,1.0,0,0,0.0,0.0,1.0,0.0
Primate_BTG1.3.codon.fas.MEME.json,0.0,0.0,1.0,0.0,0.0,0.0,1.0,0,0,0.0,0.0,1.0,0.0
Primate_BTG1.3.codon.fas.MEME.json,0.0,0.0,1.0,0.0,0.0,0.0,1.0,0,0,0.0,0.0,1.0,0.0
Primate_BTG1.3.codon.fas.MEME.json,0.0,0.0,1.0,0.0,0.0,0.0,1.0,0,0,0.0,0.0,1.0,0.0
Primate_BTG1.3.codon.fas.MEME.json,0.0,0.0,1.0,0.0,0.0,0.0,1.0,0,0,0.0,0.0,1.0,0.0
Primate_BTG1.3.codon.fas.MEME.json,0.0,0.0,1.0,0.0,0.0,0.0,1.0,0,0,0.0,0.0,1.0,0.0
Primate_BTG1.3.codon.fas.MEME.json,0.0,0.0,1.0,0.0,0.0,0.0,1.0,0,0,0.0,0.0,1.0,0.0
Primate_BTG1.3.codon.fas.MEME.json,0.0,0.0,1.0,0.0,0.0,0.0,1.0,0,0,0.0,0.0,1.0,0.0
Primate_BTG1.3.codon.fas.MEME.json,0.0,0.0,1.0,0.0,0.0,0.0,1.0,0,0,0.0,0.0,1.0,0.0
Primate_BTG1.3.codon.fas.MEME.json,0.0,0.0,1.0,0.0,0.0,0.0,1.0,0,0,0.0,0.0,1.0,0.0
Primate_BTG1.3.codon.fas.MEME.json,26.46802053893177,0.0019105475213201,1e-08,0.0567209386788202,0.99999999,0.0,0.6666666666666666,0,0,-8.912182285518828,-8.912225652361284,1.0,25.9989154297369
Primate_BTG1.3.codon.fas.MEME.json,0.0,0.0,1.0,0.0,0.0,0.0,1.0,0,0,0.0,0.0,1.0,0.0
Primate_BTG1.3.codon.fas.MEME.json,50.21114260577056,0.0025084989436619,1e-08,0.6604180345587856,0.99999999,0.0,0.6666666666666666,0,0,-8.144536390384166,-8.140651638393502,0.9961227838966388,58.11930388757924
Primate_BTG1.3.codon.fas.MEME.json,46.71610875241867,0.0036567343859622,1e-08,0.6866101483697752,0.99999999,0.0,0.6666666666666666,0,0,-11.83038864050211,-11.83036289465162,0.9999742544809304,46.64973391904664
Primate_BTG1.3.codon.fas.MEME.json,45.76664190938465,0.0034902256461362,1e-08,0.7634024230839643,0.99999999,0.0,0.6666666666666666,0,0,-8.884185244830393,-8.884424742480487,1.0,46.2129566678316
Primate_BTG1.3.codon.fas.MEME.json,0.0,0.0,1.0,0.0,0.0,0.0,1.0,0,0,0.0,0.0,1.0,0.0
Primate_BTG1.3.codon.fas.MEME.json,0.0,0.0,1.0,0.0,0.0,0.0,1.0,0,0,0.0,0.0,1.0,0.0
Primate_BTG1.3.codon.fas.MEME.json,0.0,0.0,1.0,0.0,0.0,0.0,1.0,0,0,0.0,0.0,1.0,0.0
Primate_BTG1.3.codon.fas.MEME.json,0.2778215068563051,6.945537671407627e-05,1e-08,12.38158590813841,0.99999999,0.4234663726013856,0.4512632740629223,1,0,-8.457438532322755,-8.458483834993586,1.0,0.2778215068563051
Primate_BTG1.3.codon.fas.MEME.json,48.17979233830067,0.002913482507885,1e-08,0.4731244711363806,0.99999999,0.0,0.6666666666666666,0,0,-8.215027107942854,-8.215018643127637,0.9999915352206092,47.40897037660826
Primate_BTG1.3.codon.fas.MEME.json,0.0,0.0,1.0,0.0,0.0,0.0,1.0,0,0,0.0,0.0,1.0,0.0
Primate_BTG1.3.codon.fas.MEME.json,0.0,0.0,1.0,0.0,0.0,0.0,1.0,0,0,0.0,0.0,1.0,0.0
Primate_BTG1.3.codon.fas.MEME.json,0.0,0.0,1.0,0.0,0.0,0.0,1.0,0,0,0.0,0.0,1.0,0.0
Primate_BTG1.3.codon.fas.MEME.json,0.0,0.0,1.0,0.0,0.0,0.0,1.0,0,0,0.0,0.0,1.0,0.0
Primate_BTG1.3.codon.fas.MEME.json,30.66052515214839,0.003053707810166,1e-08,0.1322871408734924,0.99999999,0.0,0.6666666666666666,0,0,-9.567220352950883,-9.567644800494174,1.0,31.62437167633727
Primate_BTG1.3.codon.fas.MEME.json,0.0,0.0,1.0,0.0,0.0,0.0,1.0,0,0,0.0,0.0,1.0,0.0
Primate_BTG1.3.codon.fas.MEME.json,0.0,0.0,1.0,0.0,0.0,0.0,1.0,0,0,0.0,0.0,1.0,0.0
Primate_BTG1.3.codon.fas.MEME.json,0.0,0.0,1.0,0.0,0.0,0.0,1.0,0,0,0.0,0.0,1.0,0.0
Primate_BTG1.3.codon.fas.MEME.json,0.0,0.0,1.0,0.0,0.0,0.0,1.0,0,0,0.0,0.0,1.0,0.0
Primate_BTG1.3.codon.fas.MEME.json,0.0,0.0,1.0,0.0,0.0,0.0,1.0,0,0,0.0,0.0,1.0,0.0
Primate_BTG1.3.codon.fas.MEME.json,0.0,0.0,1.0,0.0,0.0,0.0,1.0,0,0,0.0,0.0,1.0,0.0
Primate_BTG1.3.codon.fas.MEME.json,0.0,0.0,1.0,0.0,0.0,0.0,1.0,0,0,0.0,0.0,1.0,0.0
Primate_BTG1.3.codon.fas.MEME.json,0.0,0.0,1.0,0.0,0.0,0.0,1.0,0,0,0.0,0.0,1.0,0.0
Primate_BTG1.3.codon.fas.MEME.json,0.0,0.0,1.0,0.0,0.0,0.0,1.0,0,0,0.0,0.0,1.0,0.0
Primate_BTG1.3.codon.fas.MEME.json,0.0,0.0,1.0,0.0,0.0,0.0,1.0,0,0,0.0,0.0,1.0,0.0
Primate_BTG1.3.codon.fas.MEME.json,69.97034888034142,0.0019422360996696,1e-08,5.841051675161749,0.99999999,0.0,0.6666666666666666,0,0,-11.8584935749206,-11.85890296766924,1.0,68.71417757999998
Primate_BTG1.3.codon.fas.MEME.json,173.1919174887919,0.0023132767969305,1e-08,1.118548801322448,0.99999999,0.0,0.6666666666666666,0,0,-11.52908344514393,-11.52917481283384,1.0,175.1810287156122
Primate_BTG1.3.codon.fas.MEME.json,0.0,0.0,1.0,0.0,0.0,0.0,1.0,0,0,0.0,0.0,1.0,0.0
Primate_BTG1.3.codon.fas.MEME.json,0.0,0.0,1.0,0.0,0.0,0.0,1.0,0,0,0.0,0.0,1.0,0.0
Primate_BTG1.3.codon.fas.MEME.json,31.24225958280719,0.0034266742862594,1e-08,0.3207265275422447,0.99999999,0.0,0.6666666666666666,0,0,-9.328194914642443,-9.328225465812132,1.0,30.78092755438096
Primate_BTG1.3.codon.fas.MEME.json,0.0,0.0,1.0,0.0,0.0,0.0,1.0,0,0,0.0,0.0,1.0,0.0
Primate_BTG1.3.codon.fas.MEME.json,0.0,0.0,1.0,0.0,0.0,0.0,1.0,0,0,0.0,0.0,1.0,0.0
Primate_BTG1.3.codon.fas.MEME.json,45.87414502737302,0.0035660382440173,1e-08,0.1382272770662544,0.99999999,0.0,0.6666666666666666,0,0,-7.283226384767803,-7.28323586570267,1.0,45.42924646231952
Primate_BTG1.3.codon.fas.MEME.json,0.0,0.0,1.0,0.0,0.0,0.0,1.0,0,0,0.0,0.0,1.0,0.0
Primate_BTG1.3.codon.fas.MEME.json,0.0,0.0,1.0,0.0,0.0,0.0,1.0,0,0,0.0,0.0,1.0,0.0
Primate_BTG1.3.codon.fas.MEME.json,0.0,0.0,1.0,0.0,0.0,0.0,1.0,0,0,0.0,0.0,1.0,0.0
Primate_BTG1.3.codon.fas.MEME.json,30.91719919985921,0.0033154009402402,1e-08,0.1650010171917165,0.99999999,0.0,0.6666666666666666,0,0,-8.354009115355355,-8.354025523662628,1.0,30.78092755438096
Primate_BTG1.3.codon.fas.MEME.json,0.0,0.0,1.0,0.0,0.0,0.0,1.0,0,0,0.0,0.0,1.0,0.0
Primate_BTG1.3.codon.fas.MEME.json,0.0,0.0,1.0,0.0,0.0,0.0,1.0,0,0,0.0,0.0,1.0,0.0
Primate_BTG1.3.codon.fas.MEME.json,57.39308189710095,0.0034102241119581,1e-08,0.2569389367919476,0.99999999,0.0,0.6666666666666666,0,0,-7.922500681036643,-7.922861061696415,1.0,58.11930388757924
Primate_BTG1.3.codon.fas.MEME.json,0.0,0.0,1.0,0.0,0.0,0.0,1.0,0,0,0.0,0.0,1.0,0.0
Primate_BTG1.3.codon.fas.MEME.json,0.0,0.0,1.0,0.0,0.0,0.0,1.0,0,0,0.0,0.0,1.0,0.0
Primate_BTG1.3.codon.fas.MEME.json,56.39700866949567,0.0033463011603214,1e-08,0.2742550427682883,0.99999999,0.0,0.6666666666666666,0,0,-8.770330325468738,-8.771132123709126,1.0,54.62950568691637
Primate_BTG1.3.codon.fas.MEME.json,0.0,0.0,1.0,0.0,0.0,0.0,1.0,0,0,0.0,0.0,1.0,0.0
Primate_BTG1.3.codon.fas.MEME.json,0.0,0.0,1.0,0.0,0.0,0.0,1.0,0,0,0.0,0.0,1.0,0.0
Primate_BTG1.3.codon.fas.MEME.json,0.0,0.0,1.0,0.0,0.0,0.0,1.0,0,0,0.0,0.0,1.0,0.0
Primate_BTG1.3.codon.fas.MEME.json,0.0,0.0,1.0,0.0,0.0,0.0,1.0,0,0,0.0,0.0,1.0,0.0
Primate_BTG1.3.codon.fas.MEME.json,0.0,0.0,1.0,0.0,0.0,0.0,1.0,0,0,0.0,0.0,1.0,0.0
Primate_BTG1.3.codon.fas.MEME.json,0.0,0.0,1.0,0.0,0.0,0.0,1.0,0,0,0.0,0.0,1.0,0.0
Primate_BTG1.3.codon.fas.MEME.json,0.0,0.0,1.0,0.0,0.0,0.0,1.0,0,0,0.0,0.0,1.0,0.0
Primate_BTG1.3.codon.fas.MEME.json,0.0,0.0,1.0,0.0,0.0,0.0,1.0,0,0,0.0,0.0,1.0,0.0
Primate_BTG1.3.codon.fas.MEME.json,0.2146978451156382,0.1049383802581881,1e-08,224.2788219416008,0.99999999,0.7711815018941195,0.3633067566110841,1,0,-10.64301319582274,-10.53637157661598,0.8988477450372538,0.2760519038164762
Primate_BTG1.3.codon.fas.MEME.json,100.4865178539472,0.0027616161705328,1e-08,8.382183934836448,0.99999999,0.0,0.6666666666666666,0,0,-9.486638887726755,-9.48663265646628,0.9999937687589374,100.9867339189474
Primate_BTG1.3.codon.fas.MEME.json,0.0,0.0,1.0,0.0,0.0,0.0,1.0,0,0,0.0,0.0,1.0,0.0
Primate_BTG1.3.codon.fas.MEME.json,0.0,0.0,1.0,0.0,0.0,0.0,1.0,0,0,0.0,0.0,1.0,0.0
Primate_BTG1.3.codon.fas.MEME.json,0.1845253605599264,0.0913730721229494,1e-08,471.6435836413761,0.99999999,1.21834737710418,0.2802989121233657,1,0,-11.3800733261849,-11.12159061530272,0.7722223819656778,0.279132461908835
Primate_BTG1.3.codon.fas.MEME.json,0.0,0.0,1.0,0.0,0.0,0.0,1.0,0,0,0.0,0.0,1.0,0.0
Primate_BTG1.3.codon.fas.MEME.json,0.0,0.0,1.0,0.0,0.0,0.0,1.0,0,0,0.0,0.0,1.0,0.0
Primate_BTG1.3.codon.fas.MEME.json,0.0,0.0,1.0,0.0,0.0,0.0,1.0,0,0,0.0,0.0,1.0,0.0
Primate_BTG1.3.codon.fas.MEME.json,0.2779389656350308,1.640312234233463e-05,1e-08,11.97844458571124,0.99999999,0.0834583974047333,0.5834800923145556,1,0,-9.142643119458985,-9.142707314276835,1.0,0.2681832052026228
Primate_BTG1.3.codon.fas.MEME.json,0.0,0.0,1.0,0.0,0.0,0.0,1.0,0,0,0.0,0.0,1.0,0.0
Primate_BTG1.3.codon.fas.MEME.json,0.0,0.0,1.0,0.0,0.0,0.0,1.0,0,0,0.0,0.0,1.0,0.0
Primate_BTG1.3.codon.fas.MEME.json,0.0,0.0,1.0,0.0,0.0,0.0,1.0,0,0,0.0,0.0,1.0,0.0
Primate_BTG1.3.codon.fas.MEME.json,69.4537035649677,0.0027409923411898,1e-08,1.278567886533427,0.99999999,0.0,0.6666666666666666,0,0,-14.23472155178679,-14.23476442525049,1.0,69.31594793560284
Primate_BTG1.3.codon.fas.MEME.json,0.0,0.0,1.0,0.0,0.0,0.0,1.0,0,0,0.0,0.0,1.0,0.0
Primate_BTG1.3.codon.fas.MEME.json,0.0,0.0,1.0,0.0,0.0,0.0,1.0,0,0,0.0,0.0,1.0,0.0
Primate_BTG1.3.codon.fas.MEME.json,0.0,0.0,1.0,0.0,0.0,0.0,1.0,0,0,0.0,0.0,1.0,0.0
Primate_BTG1.3.codon.fas.MEME.json,0.0,0.0,1.0,0.0,0.0,0.0,1.0,0,0,0.0,0.0,1.0,0.0
Primate_BTG1.3.codon.fas.MEME.json,0.0,0.0,1.0,0.0,0.0,0.0,1.0,0,0,0.0,0.0,1.0,0.0
Primate_BTG1.3.codon.fas.MEME.json,0.0,0.0,1.0,0.0,0.0,0.0,1.0,0,0,0.0,0.0,1.0,0.0
Primate_BTG1.3.codon.fas.MEME.json,0.0,0.0,1.0,0.0,0.0,0.0,1.0,0,0,0.0,0.0,1.0,0.0
Primate_BTG1.3.codon.fas.MEME.json,0.0,0.0,1.0,0.0,0.0,0.0,1.0,0,0,0.0,0.0,1.0,0.0
Primate_BTG1.3.codon.fas.MEME.json,0.0,0.0,1.0,0.0,0.0,0.0,1.0,0,0,0.0,0.0,1.0,0.0
Primate_BTG1.3.codon.fas.MEME.json,0.0,0.0,1.0,0.0,0.0,0.0,1.0,0,0,0.0,0.0,1.0,0.0
Primate_BTG1.3.codon.fas.MEME.json,0.0,0.0,1.0,0.0,0.0,0.0,1.0,0,0,0.0,0.0,1.0,0.0
Primate_BTG1.3.codon.fas.MEME.json,28.589400172205,0.0023834709382168,1e-08,0.190418109752213,0.99999999,0.0,0.6666666666666666,0,0,-7.860257968501394,-7.860267796368699,1.0,29.05848907545105
Primate_BTG1.3.codon.fas.MEME.json,0.0,0.0,1.0,0.0,0.0,0.0,1.0,0,0,0.0,0.0,1.0,0.0
Primate_BTG1.3.codon.fas.MEME.json,0.0,0.0,1.0,0.0,0.0,0.0,1.0,0,0,0.0,0.0,1.0,0.0
Primate_BTG1.3.codon.fas.MEME.json,0.0,0.0,1.0,0.0,0.0,0.0,1.0,0,0,0.0,0.0,1.0,0.0
Primate_BTG1.3.codon.fas.MEME.json,0.0,0.0,1.0,0.0,0.0,0.0,1.0,0,0,0.0,0.0,1.0,0.0
Primate_BTG1.3.codon.fas.MEME.json,0.0,0.0,1.0,0.0,0.0,0.0,1.0,0,0,0.0,0.0,1.0,0.0
Primate_BTG1.3.codon.fas.MEME.json,0.0,0.0,1.0,0.0,0.0,0.0,1.0,0,0,0.0,0.0,1.0,0.0
Primate_BTG1.3.codon.fas.MEME.json,0.216715669687397,0.1078737739482758,1e-08,249.7322744447085,0.99999999,0.6816775791280207,0.3834665302301234,1,0,-10.63350972849421,-10.51124794281669,0.8849166796590232,0.279132461908835
Primate_BTG1.3.codon.fas.MEME.json,0.0,0.0,1.0,0.0,0.0,0.0,1.0,0,0,0.0,0.0,1.0,0.0
Primate_BTG1.3.codon.fas.MEME.json,0.0,0.0,1.0,0.0,0.0,0.0,1.0,0,0,0.0,0.0,1.0,0.0
Primate_BTG1.3.codon.fas.MEME.json,0.0,0.0,1.0,0.0,0.0,0.0,1.0,0,0,0.0,0.0,1.0,0.0
Primate_BTG1.3.codon.fas.MEME.json,0.0,0.0,1.0,0.0,0.0,0.0,1.0,0,0,0.0,0.0,1.0,0.0
Primate_BTG1.3.codon.fas.MEME.json,0.0,0.0,1.0,0.0,0.0,0.0,1.0,0,0,0.0,0.0,1.0,0.0
Primate_BTG1.3.codon.fas.MEME.json,0.0,0.0,1.0,0.0,0.0,0.0,1.0,0,0,0.0,0.0,1.0,0.0
