Sample,alpha,beta,alpha=beta,LRT,p-value,Total branch length,dN/dS LB,dN/dS MLE,dN/dS UB
Primate_BTG1.1.codon.fas.FEL.json,0.0,0.0,0.0,0.0,1.0,0.0,0.0,0.0,0.0
Primate_BTG1.1.codon.fas.FEL.json,0.0,0.0,0.0,0.0,1.0,0.0,0.0,0.0,0.0
Primate_BTG1.1.codon.fas.FEL.json,0.0,0.0,0.0,0.0,1.0,0.0,0.0,0.0,0.0
Primate_BTG1.1.codon.fas.FEL.json,0.0,0.0,0.0,0.0,1.0,0.0,0.0,0.0,0.0
Primate_BTG1.1.codon.fas.FEL.json,0.0,0.0,0.0,0.0,1.0,0.0,0.0,0.0,0.0
Primate_BTG1.1.codon.fas.FEL.json,0.0,0.0,0.0,0.0,1.0,0.0,0.0,0.0,0.0
Primate_BTG1.1.codon.fas.FEL.json,0.0,0.0,0.0,0.0,1.0,0.0,0.0,0.0,0.0
Primate_BTG1.1.codon.fas.FEL.json,0.0,0.0,0.0,0.0,1.0,0.0,0.0,0.0,0.0
Primate_BTG1.1.codon.fas.FEL.json,0.0,0.0,0.0,0.0,1.0,0.0,0.0,0.0,0.0
Primate_BTG1.1.codon.fas.FEL.json,0.0,0.0,0.0,0.0,1.0,0.0,0.0,0.0,0.0
Primate_BTG1.1.codon.fas.FEL.json,0.0,0.0,0.0,0.0,1.0,0.0,0.0,0.0,0.0
Primate_BTG1.1.codon.fas.FEL.json,0.0,0.0,0.0,0.0,1.0,0.0,0.0,0.0,0.0
Primate_BTG1.1.codon.fas.FEL.json,0.0,0.0,0.0,0.0,1.0,0.0,0.0,0.0,0.0
Primate_BTG1.1.codon.fas.FEL.json,0.0,0.0,0.0,0.0,1.0,0.0,0.0,0.0,0.0
Primate_BTG1.1.codon.fas.FEL.json,0.0,0.0,0.0,0.0,1.0,0.0,0.0,0.0,0.0
Primate_BTG1.1.codon.fas.FEL.json,0.0,0.0,0.0,0.0,1.0,0.0,0.0,0.0,0.0
Primate_BTG1.1.codon.fas.FEL.json,0.0,0.0,0.0,0.0,1.0,0.0,0.0,0.0,0.0
Primate_BTG1.1.codon.fas.FEL.json,0.0,0.0,0.0,0.0,1.0,0.0,0.0,0.0,0.0
Primate_BTG1.1.codon.fas.FEL.json,0.0,0.0,0.0,0.0,1.0,0.0,0.0,0.0,0.0
Primate_BTG1.1.codon.fas.FEL.json,0.0,0.0,0.0,0.0,1.0,0.0,0.0,0.0,0.0
Primate_BTG1.1.codon.fas.FEL.json,0.0,0.0,0.0,0.0,1.0,0.0,0.0,0.0,0.0
Primate_BTG1.1.codon.fas.FEL.json,0.0,0.0,0.0,0.0,1.0,0.0,0.0,0.0,0.0
Primate_BTG1.1.codon.fas.FEL.json,0.0,0.0,0.0,0.0,1.0,0.0,0.0,0.0,0.0
Primate_BTG1.1.codon.fas.FEL.json,0.0,0.0,0.0,0.0,1.0,0.0,0.0,0.0,0.0
Primate_BTG1.1.codon.fas.FEL.json,0.0,0.0,0.0,0.0,1.0,0.0,0.0,0.0,0.0
Primate_BTG1.1.codon.fas.FEL.json,0.0,0.0,0.0,0.0,1.0,0.0,0.0,0.0,0.0
Primate_BTG1.1.codon.fas.FEL.json,0.0,0.0,0.0,0.0,1.0,0.0,0.0,0.0,0.0
Primate_BTG1.1.codon.fas.FEL.json,0.0,0.0,0.0,0.0,1.0,0.0,0.0,0.0,0.0
Primate_BTG1.1.codon.fas.FEL.json,0.0,0.0,0.0,0.0,1.0,0.0,0.0,0.0,0.0
Primate_BTG1.1.codon.fas.FEL.json,0.0,0.0,0.0,0.0,1.0,0.0,0.0,0.0,0.0
Primate_BTG1.1.codon.fas.FEL.json,0.0,0.0,0.0,0.0,1.0,0.0,0.0,0.0,0.0
Primate_BTG1.1.codon.fas.FEL.json,0.0,0.0,0.0,0.0,1.0,0.0,0.0,0.0,0.0
Primate_BTG1.1.codon.fas.FEL.json,0.0,0.0,0.0,0.0,1.0,0.0,0.0,0.0,0.0
Primate_BTG1.1.codon.fas.FEL.json,0.0,0.0,0.0,0.0,1.0,0.0,0.0,0.0,0.0
Primate_BTG1.1.codon.fas.FEL.json,0.0,0.0,0.0,0.0,1.0,0.0,0.0,0.0,0.0
Primate_BTG1.1.codon.fas.FEL.json,0.0,0.0,0.0,0.0,1.0,0.0,0.0,0.0,0.0
Primate_BTG1.1.codon.fas.FEL.json,0.0,0.0,0.0,0.0,1.0,0.0,0.0,0.0,0.0
Primate_BTG1.1.codon.fas.FEL.json,0.0,0.0,0.0,0.0,1.0,0.0,0.0,0.0,0.0
Primate_BTG1.1.codon.fas.FEL.json,0.0,0.0,0.0,0.0,1.0,0.0,0.0,0.0,0.0
Primate_BTG1.1.codon.fas.FEL.json,0.0,0.0,0.0,0.0,1.0,0.0,0.0,0.0,0.0
Primate_BTG1.1.codon.fas.FEL.json,0.0,0.0,0.0,0.0,1.0,0.0,0.0,0.0,0.0
Primate_BTG1.1.codon.fas.FEL.json,0.0,0.0,0.0,0.0,1.0,0.0,0.0,0.0,0.0
Primate_BTG1.1.codon.fas.FEL.json,0.0,0.0,0.0,0.0,1.0,0.0,0.0,0.0,0.0
Primate_BTG1.1.codon.fas.FEL.json,0.0,0.0,0.0,0.0,1.0,0.0,0.0,0.0,0.0
Primate_BTG1.1.codon.fas.FEL.json,0.0,0.0,0.0,0.0,1.0,0.0,0.0,0.0,0.0
Primate_BTG1.1.codon.fas.FEL.json,0.0,0.0,0.0,0.0,1.0,0.0,0.0,0.0,0.0
Primate_BTG1.1.codon.fas.FEL.json,0.0,0.0,0.0,0.0,1.0,0.0,0.0,0.0,0.0
Primate_BTG1.1.codon.fas.FEL.json,0.0,0.0,0.0,0.0,1.0,0.0,0.0,0.0,0.0
Primate_BTG1.1.codon.fas.FEL.json,0.0,0.0,0.0,0.0,1.0,0.0,0.0,0.0,0.0
Primate_BTG1.1.codon.fas.FEL.json,0.0,0.0,0.0,0.0,1.0,0.0,0.0,0.0,0.0
Primate_BTG1.1.codon.fas.FEL.json,0.0,0.0,0.0,0.0,1.0,0.0,0.0,0.0,0.0
Primate_BTG1.1.codon.fas.FEL.json,0.0,0.0,0.0,0.0,1.0,0.0,0.0,0.0,0.0
Primate_BTG1.1.codon.fas.FEL.json,0.0,0.0,0.0,0.0,1.0,0.0,0.0,0.0,0.0
Primate_BTG1.1.codon.fas.FEL.json,0.0,0.0,0.0,0.0,1.0,0.0,0.0,0.0,0.0
Primate_BTG1.1.codon.fas.FEL.json,0.0,0.0,0.0,0.0,1.0,0.0,0.0,0.0,0.0
Primate_BTG1.1.codon.fas.FEL.json,0.0,0.0,0.0,0.0,1.0,0.0,0.0,0.0,0.0
Primate_BTG1.1.codon.fas.FEL.json,0.0,0.0,0.0,0.0,1.0,0.0,0.0,0.0,0.0
Primate_BTG1.1.codon.fas.FEL.json,0.0,0.0,0.0,0.0,1.0,0.0,0.0,0.0,0.0
Primate_BTG1.1.codon.fas.FEL.json,0.0,0.0,0.0,0.0,1.0,0.0,0.0,0.0,0.0
Primate_BTG1.1.codon.fas.FEL.json,0.0,0.0,0.0,0.0,1.0,0.0,0.0,0.0,0.0
Primate_BTG1.1.codon.fas.FEL.json,0.0,0.0,0.0,0.0,1.0,0.0,0.0,0.0,0.0
Primate_BTG1.1.codon.fas.FEL.json,0.0,0.0,0.0,0.0,1.0,0.0,0.0,0.0,0.0
Primate_BTG1.1.codon.fas.FEL.json,0.0,0.0,0.0,0.0,1.0,0.0,0.0,0.0,0.0
Primate_BTG1.1.codon.fas.FEL.json,0.0,0.0,0.0,0.0,1.0,0.0,0.0,0.0,0.0
Primate_BTG1.1.codon.fas.FEL.json,0.0,0.0,0.0,0.0,1.0,0.0,0.0,0.0,0.0
Primate_BTG1.1.codon.fas.FEL.json,0.0,0.0,0.0,0.0,1.0,0.0,0.0,0.0,0.0
Primate_BTG1.1.codon.fas.FEL.json,0.0,0.0,0.0,0.0,1.0,0.0,0.0,0.0,0.0
Primate_BTG1.1.codon.fas.FEL.json,0.0,0.0,0.0,0.0,1.0,0.0,0.0,0.0,0.0
Primate_BTG1.1.codon.fas.FEL.json,0.0,0.0,0.0,0.0,1.0,0.0,0.0,0.0,0.0
Primate_BTG1.1.codon.fas.FEL.json,0.0,0.0,0.0,0.0,1.0,0.0,0.0,0.0,0.0
Primate_BTG1.1.codon.fas.FEL.json,0.0,0.0,0.0,0.0,1.0,0.0,0.0,0.0,0.0
Primate_BTG1.1.codon.fas.FEL.json,0.0,0.0,0.0,0.0,1.0,0.0,0.0,0.0,0.0
Primate_BTG1.1.codon.fas.FEL.json,0.0,0.0,0.0,0.0,1.0,0.0,0.0,0.0,0.0
Primate_BTG1.1.codon.fas.FEL.json,0.0,0.0,0.0,0.0,1.0,0.0,0.0,0.0,0.0
Primate_BTG1.1.codon.fas.FEL.json,0.0,0.0,0.0,0.0,1.0,0.0,0.0,0.0,0.0
Primate_BTG1.1.codon.fas.FEL.json,0.0,0.0,0.0,0.0,1.0,0.0,0.0,0.0,0.0
Primate_BTG1.1.codon.fas.FEL.json,0.0,0.0,0.0,0.0,1.0,0.0,0.0,0.0,0.0
Primate_BTG1.1.codon.fas.FEL.json,0.0,0.0,0.0,0.0,1.0,0.0,0.0,0.0,0.0
Primate_BTG1.1.codon.fas.FEL.json,0.0,0.0,0.0,0.0,1.0,0.0,0.0,0.0,0.0
Primate_BTG1.1.codon.fas.FEL.json,0.0,0.0,0.0,0.0,1.0,0.0,0.0,0.0,0.0
Primate_BTG1.1.codon.fas.FEL.json,0.0,0.0,0.0,0.0,1.0,0.0,0.0,0.0,0.0
Primate_BTG1.1.codon.fas.FEL.json,0.0,0.0,0.0,0.0,1.0,0.0,0.0,0.0,0.0
Primate_BTG1.1.codon.fas.FEL.json,0.0,0.0,0.0,0.0,1.0,0.0,0.0,0.0,0.0
Primate_BTG1.1.codon.fas.FEL.json,0.0,0.0,0.0,0.0,1.0,0.0,0.0,0.0,0.0
Primate_BTG1.1.codon.fas.FEL.json,0.0,0.0,0.0,0.0,1.0,0.0,0.0,0.0,0.0
Primate_BTG1.1.codon.fas.FEL.json,0.0,0.0,0.0,0.0,1.0,0.0,0.0,0.0,0.0
Primate_BTG1.1.codon.fas.FEL.json,0.0,0.0,0.0,0.0,1.0,0.0,0.0,0.0,0.0
Primate_BTG1.1.codon.fas.FEL.json,0.0,0.0,0.0,0.0,1.0,0.0,0.0,0.0,0.0
Primate_BTG1.1.codon.fas.FEL.json,0.0,0.0,0.0,0.0,1.0,0.0,0.0,0.0,0.0
Primate_BTG1.1.codon.fas.FEL.json,0.0,0.0,0.0,0.0,1.0,0.0,0.0,0.0,0.0
Primate_BTG1.1.codon.fas.FEL.json,0.0,0.0,0.0,0.0,1.0,0.0,0.0,0.0,0.0
Primate_BTG1.1.codon.fas.FEL.json,0.0,0.0,0.0,0.0,1.0,0.0,0.0,0.0,0.0
Primate_BTG1.1.codon.fas.FEL.json,0.0,0.0,0.0,0.0,1.0,0.0,0.0,0.0,0.0
Primate_BTG1.1.codon.fas.FEL.json,3.848785396825795,3.825680747541217e-07,0.8036503072105091,2.188973004221612,0.1390019701136921,0.4282821672338859,0.0,9.939968985270956e-08,0.7077108631473055
Primate_BTG1.1.codon.fas.FEL.json,3.180576772221066,2.63969495150741e-06,1.527265779938304,3.341656165546226,0.0675465892806543,0.8139120862711153,0.0,8.299422213487566e-07,0.8116262069031835
Primate_BTG1.1.codon.fas.FEL.json,0.0,0.0,0.0,0.0,1.0,0.0,0.0,0.0,0.0
Primate_BTG1.1.codon.fas.FEL.json,1.008322282129511,1.859224858401628e-05,0.4999241487369857,1.326339712582277,0.2494574320904794,0.2664201033118598,0.0,1.843879572387379e-05,2.562847722621609
Primate_BTG1.1.codon.fas.FEL.json,0.0,0.0,0.0,0.0,1.0,0.0,0.0,0.0,0.0
Primate_BTG1.1.codon.fas.FEL.json,0.0,0.0,0.0,0.0,1.0,0.0,0.0,0.0,0.0
Primate_BTG1.1.codon.fas.FEL.json,0.0,0.0,0.0,0.0,1.0,0.0,0.0,0.0,0.0
Primate_BTG1.1.codon.fas.FEL.json,0.0,0.0,0.0,0.0,1.0,0.0,0.0,0.0,0.0
Primate_BTG1.1.codon.fas.FEL.json,0.0,0.0,0.0,0.0,1.0,0.0,0.0,0.0,0.0
Primate_BTG1.1.codon.fas.FEL.json,0.0,0.0,0.0,0.0,1.0,0.0,0.0,0.0,0.0
Primate_BTG1.1.codon.fas.FEL.json,1.447347461908322,4.595468606689599e-06,0.4548536556186416,2.156274520235764,0.1419885802112678,0.2424010887008592,0.0,3.175097015495155e-06,1.010550195914776
Primate_BTG1.1.codon.fas.FEL.json,1.477785803019054,0.0001779483247036,0.5955933752509327,1.669894490603292,0.1962726672360876,0.3174042481586435,0.0,0.0001204155056436,1.748906465409794
Primate_BTG1.1.codon.fas.FEL.json,2.284030026693145,2.381678110108619e-06,1.120680133382334,2.655506129024289,0.1031919067174644,0.5972340357423931,0.0,1.042752539272371e-06,1.131396081934995
Primate_BTG1.2.codon.fas.FEL.json,12.142242896018,3.76566240901679e-07,0.1244650542627176,8.553450911299974,0.0034486784152476,0.4231015008638198,0.0,3.101290627493314e-08,0.0206163995182976
Primate_BTG1.2.codon.fas.FEL.json,0.0,0.0,0.0,0.0,1.0,0.0,0.0,0.0,0.0
Primate_BTG1.2.codon.fas.FEL.json,0.0,0.0,0.0,0.0,1.0,0.0,0.0,0.0,0.0
Primate_BTG1.2.codon.fas.FEL.json,0.0,0.0,0.0,0.0,1.0,0.0,0.0,0.0,0.0
Primate_BTG1.2.codon.fas.FEL.json,48.95753416732509,6.1168604103124e-08,0.1741832654221448,6.702790446400043,0.0096262142400265,0.5921115887670155,0.0,1.2494216700960551e-09,0.0061674406273403
Primate_BTG1.2.codon.fas.FEL.json,1.482803572486968,6.273550591257681e-08,0.0573012353691754,5.784380262355601,0.0161691975434518,0.1947875154971212,0.0,4.2308709714906066e-08,0.0820922512914263
Primate_BTG1.2.codon.fas.FEL.json,0.0,0.0,0.0,0.0,1.0,0.0,0.0,0.0,0.0
Primate_BTG1.2.codon.fas.FEL.json,48.95753416732509,6.1168604103124e-08,0.0647533355030107,5.883995743302563,0.0152791092269201,0.2201198850516943,0.0,1.2494216700960551e-09,0.0026473021357643
Primate_BTG1.2.codon.fas.FEL.json,0.4288119428358679,1.0571067724961711e-08,0.0621524677563562,3.850374056341419,0.0497348977258258,0.2112785998116217,0.0,2.4651989996015333e-08,0.3470677893971156
Primate_BTG1.2.codon.fas.FEL.json,1.486851362984366,1.674614438805472e-08,0.1483694573228597,4.134140965611982,0.0420263927517299,0.5043611674578778,0.0,1.1262823443523181e-08,0.2497983631879908
Primate_BTG1.2.codon.fas.FEL.json,0.0,0.0,0.0,0.0,1.0,0.0,0.0,0.0,0.0
Primate_BTG1.2.codon.fas.FEL.json,0.0,0.0,0.0,0.0,1.0,0.0,0.0,0.0,0.0
Primate_BTG1.2.codon.fas.FEL.json,0.0,0.0,0.0,0.0,1.0,0.0,0.0,0.0,0.0
Primate_BTG1.2.codon.fas.FEL.json,0.0,0.0,0.0,0.0,1.0,0.0,0.0,0.0,0.0
Primate_BTG1.2.codon.fas.FEL.json,0.0,0.0,0.0,0.0,1.0,0.0,0.0,0.0,0.0
Primate_BTG1.2.codon.fas.FEL.json,0.0,0.0,0.0,0.0,1.0,0.0,0.0,0.0,0.0
Primate_BTG1.2.codon.fas.FEL.json,0.0,0.0,0.0,0.0,1.0,0.0,0.0,0.0,0.0
Primate_BTG1.2.codon.fas.FEL.json,0.0,0.0,0.0,0.0,1.0,0.0,0.0,0.0,0.0
Primate_BTG1.2.codon.fas.FEL.json,32.68545073760976,2.041040010398872e-07,2.012603710662077,4.595548995741137,0.0320550751802247,6.841564129541279,0.0,6.2444909411952345e-09,0.1452521370282739
Primate_BTG1.3.codon.fas.FEL.json,0.0,0.0,0.0,0.0,1.0,0.0,0.0,0.0,0.0
Primate_BTG1.3.codon.fas.FEL.json,0.0,0.0,0.0,0.0,1.0,0.0,0.0,0.0,0.0
Primate_BTG1.3.codon.fas.FEL.json,4.059241821280251,3.319678394204514e-07,1.095376624337598,2.602978236822008,0.1066631052443501,0.2998385787778542,0.0,8.178074971541153e-08,0.7175119529748387
Primate_BTG1.3.codon.fas.FEL.json,0.0,0.0,0.0,0.0,1.0,0.0,0.0,0.0,0.0
Primate_BTG1.3.codon.fas.FEL.json,0.0,0.0,0.0,0.0,1.0,0.0,0.0,0.0,0.0
Primate_BTG1.3.codon.fas.FEL.json,0.0,0.0,0.0,0.0,1.0,0.0,0.0,0.0,0.0
Primate_BTG1.3.codon.fas.FEL.json,0.0,0.0,0.0,0.0,1.0,0.0,0.0,0.0,0.0
Primate_BTG1.3.codon.fas.FEL.json,0.0,0.0,0.0,0.0,1.0,0.0,0.0,0.0,0.0
Primate_BTG1.3.codon.fas.FEL.json,0.0,0.0,0.0,0.0,1.0,0.0,0.0,0.0,0.0
Primate_BTG1.3.codon.fas.FEL.json,5.449050220963509,4.149014793917894e-08,1.214325481433953,2.945317354236046,0.086126780506522,0.3323985727256793,0.0,7.614198118336041e-09,0.5612716132684629
Primate_BTG1.3.codon.fas.FEL.json,5.577000408658996,9.973954626139705e-06,2.843078166025047,2.64223059358946,0.1040573511888062,0.7782387333405119,0.0,1.788408444556304e-06,1.023477180331144
Primate_BTG1.3.codon.fas.FEL.json,0.0,0.0,0.0,0.0,1.0,0.0,0.0,0.0,0.0
Primate_BTG1.3.codon.fas.FEL.json,0.0,0.0,0.0,0.0,1.0,0.0,0.0,0.0,0.0
Primate_BTG1.3.codon.fas.FEL.json,0.0,0.0,0.0,0.0,1.0,0.0,0.0,0.0,0.0
Primate_BTG1.3.codon.fas.FEL.json,0.0,0.0,0.0,0.0,1.0,0.0,0.0,0.0,0.0
Primate_BTG1.3.codon.fas.FEL.json,0.0,0.0,0.0,0.0,1.0,0.0,0.0,0.0,0.0
Primate_BTG1.3.codon.fas.FEL.json,0.0,0.0,0.0,0.0,1.0,0.0,0.0,0.0,0.0
Primate_BTG1.3.codon.fas.FEL.json,0.0,0.0,0.0,0.0,1.0,0.0,0.0,0.0,0.0
Primate_BTG1.3.codon.fas.FEL.json,0.0,0.0,0.0,0.0,1.0,0.0,0.0,0.0,0.0
Primate_BTG1.3.codon.fas.FEL.json,0.0,0.0,0.0,0.0,1.0,0.0,0.0,0.0,0.0
Primate_BTG1.3.codon.fas.FEL.json,0.0,0.0,0.0,0.0,1.0,0.0,0.0,0.0,0.0
Primate_BTG1.3.codon.fas.FEL.json,3.065611014251278,2.635485332995147e-05,1.022761702089156,2.1551200096157,0.1420953406659625,0.2799616208427662,0.0,8.59693327282365e-06,0.9797949791385916
Primate_BTG1.3.codon.fas.FEL.json,0.0,0.0,0.0,0.0,1.0,0.0,0.0,0.0,0.0
Primate_BTG1.3.codon.fas.FEL.json,0.0,0.0,0.0,0.0,1.0,0.0,0.0,0.0,0.0
Primate_BTG1.3.codon.fas.FEL.json,0.0,0.0,0.0,0.0,1.0,0.0,0.0,0.0,0.0
Primate_BTG1.3.codon.fas.FEL.json,9.476081207187244,1.614971894326626e-05,1.435285489141533,3.666483614407802,0.0555171958233179,0.3928821846686026,0.0,1.704261349197527e-06,0.34977875886189
Primate_BTG1.3.codon.fas.FEL.json,0.0,0.0,0.0,0.0,1.0,0.0,0.0,0.0,0.0
Primate_BTG1.3.codon.fas.FEL.json,0.0,0.0,0.0,0.0,1.0,0.0,0.0,0.0,0.0
Primate_BTG1.3.codon.fas.FEL.json,3.34785486083863,2.721695470285846e-05,1.459738750631028,1.627273729910666,0.2020805451137914,0.3995758012828217,0.0,8.129669843584759e-06,1.524774028405601
Primate_BTG1.3.codon.fas.FEL.json,0.0,0.0,0.0,0.0,1.0,0.0,0.0,0.0,0.0
Primate_BTG1.3.codon.fas.FEL.json,0.0,0.0,0.0,0.0,1.0,0.0,0.0,0.0,0.0
Primate_BTG1.3.codon.fas.FEL.json,0.0,0.0,0.0,0.0,1.0,0.0,0.0,0.0,0.0
Primate_BTG1.3.codon.fas.FEL.json,0.0,0.0,0.0,0.0,1.0,0.0,0.0,0.0,0.0
Primate_BTG1.3.codon.fas.FEL.json,5.850414705986045,4.9882270180664315e-08,1.45534479957418,2.750098482010582,0.0972484384530967,0.3983730405055397,0.0,8.526279364371489e-09,0.6442456169442162
Primate_BTG1.3.codon.fas.FEL.json,0.0,0.0,0.0,0.0,1.0,0.0,0.0,0.0,0.0
Primate_BTG1.3.codon.fas.FEL.json,0.0,0.0,0.0,0.0,1.0,0.0,0.0,0.0,0.0
Primate_BTG1.3.codon.fas.FEL.json,0.0,0.0,0.0,0.0,1.0,0.0,0.0,0.0,0.0
Primate_BTG1.3.codon.fas.FEL.json,0.0,0.0,0.0,0.0,1.0,0.0,0.0,0.0,0.0
Primate_BTG1.3.codon.fas.FEL.json,0.0,0.0,0.0,0.0,1.0,0.0,0.0,0.0,0.0
Primate_BTG1.3.codon.fas.FEL.json,0.0,0.0,0.0,0.0,1.0,0.0,0.0,0.0,0.0
Primate_BTG1.3.codon.fas.FEL.json,0.0,0.0,0.0,0.0,1.0,0.0,0.0,0.0,0.0
Primate_BTG1.3.codon.fas.FEL.json,0.0,0.0,0.0,0.0,1.0,0.0,0.0,0.0,0.0
Primate_BTG1.3.codon.fas.FEL.json,0.0,0.0,0.0,0.0,1.0,0.0,0.0,0.0,0.0
Primate_BTG1.3.codon.fas.FEL.json,0.0,0.0,0.0,0.0,1.0,0.0,0.0,0.0,0.0
Primate_BTG1.3.codon.fas.FEL.json,0.0,0.0,0.0,0.0,1.0,0.0,0.0,0.0,0.0
Primate_BTG1.3.codon.fas.FEL.json,0.0,0.0,0.0,0.0,1.0,0.0,0.0,0.0,0.0
Primate_BTG1.3.codon.fas.FEL.json,3.095380133049268,2.090057294578988e-06,1.03225006063021,2.172158070639593,0.1405289035987985,0.2825588790612395,0.0,6.752182946008852e-07,0.975561051716632
Primate_BTG1.3.codon.fas.FEL.json,0.0,0.0,0.0,0.0,1.0,0.0,0.0,0.0,0.0
Primate_BTG1.3.codon.fas.FEL.json,6.222246995201123,1.597464481023131e-06,1.392198899355587,2.892812006891365,0.0889755040739669,0.3810880477856697,0.0,2.567343408667588e-07,0.5701919623899998
Primate_BTG1.3.codon.fas.FEL.json,5.620131470748326,8.037803403380799e-06,2.363013236805447,3.40012597207232,0.0651914402512531,0.6468300626603786,0.0,1.430180671967547e-06,0.7083662044988818
Primate_BTG1.3.codon.fas.FEL.json,5.525983447998639,5.695619156246878e-07,1.430561953110957,2.681682464379652,0.1015084324787501,0.391589206254835,0.0,1.03069783140767e-07,0.6803524679486427
Primate_BTG1.3.codon.fas.FEL.json,0.0,0.0,0.0,0.0,1.0,0.0,0.0,0.0,0.0
Primate_BTG1.3.codon.fas.FEL.json,0.0,0.0,0.0,0.0,1.0,0.0,0.0,0.0,0.0
Primate_BTG1.3.codon.fas.FEL.json,0.0,0.0,0.0,0.0,1.0,0.0,0.0,0.0,0.0
Primate_BTG1.3.codon.fas.FEL.json,3.837525263035562e-06,1.464999140890176,1.172846564751586,0.4381665213928407,0.5080087274941107,0.3210445058678012,1432.010344052198,10000.0,10000.0
Primate_BTG1.3.codon.fas.FEL.json,5.683390971911904,3.415334382366118e-05,1.37875848569123,2.760744308966196,0.096603282975465,0.3774089894218453,0.0,6.009325065344208e-06,0.6306752833283878
Primate_BTG1.3.codon.fas.FEL.json,0.0,0.0,0.0,0.0,1.0,0.0,0.0,0.0,0.0
Primate_BTG1.3.codon.fas.FEL.json,0.0,0.0,0.0,0.0,1.0,0.0,0.0,0.0,0.0
Primate_BTG1.3.codon.fas.FEL.json,0.0,0.0,0.0,0.0,1.0,0.0,0.0,0.0,0.0
Primate_BTG1.3.codon.fas.FEL.json,0.0,0.0,0.0,0.0,1.0,0.0,0.0,0.0,0.0
Primate_BTG1.3.codon.fas.FEL.json,3.717062400113838,5.370640560049071e-05,1.471938769917181,1.830124626530388,0.1761128259971546,0.4029153252077865,0.0,1.44486155515834e-05,1.285939814606682
Primate_BTG1.3.codon.fas.FEL.json,0.0,0.0,0.0,0.0,1.0,0.0,0.0,0.0,0.0
Primate_BTG1.3.codon.fas.FEL.json,0.0,0.0,0.0,0.0,1.0,0.0,0.0,0.0,0.0
Primate_BTG1.3.codon.fas.FEL.json,0.0,0.0,0.0,0.0,1.0,0.0,0.0,0.0,0.0
Primate_BTG1.3.codon.fas.FEL.json,0.0,0.0,0.0,0.0,1.0,0.0,0.0,0.0,0.0
Primate_BTG1.3.codon.fas.FEL.json,0.0,0.0,0.0,0.0,1.0,0.0,0.0,0.0,0.0
Primate_BTG1.3.codon.fas.FEL.json,0.0,0.0,0.0,0.0,1.0,0.0,0.0,0.0,0.0
Primate_BTG1.3.codon.fas.FEL.json,0.0,0.0,0.0,0.0,1.0,0.0,0.0,0.0,0.0
Primate_BTG1.3.codon.fas.FEL.json,0.0,0.0,0.0,0.0,1.0,0.0,0.0,0.0,0.0
Primate_BTG1.3.codon.fas.FEL.json,0.0,0.0,0.0,0.0,1.0,0.0,0.0,0.0,0.0
Primate_BTG1.3.codon.fas.FEL.json,0.0,0.0,0.0,0.0,1.0,0.0,0.0,0.0,0.0
Primate_BTG1.3.codon.fas.FEL.json,8.073373981372429,5.9278510532646233e-08,2.232641494621553,5.042828246665881,0.0247280862224175,0.6111432705373033,0.0,7.3424705295974925e-09,0.3720234447246883
Primate_BTG1.3.codon.fas.FEL.json,21.1346395934817,0.000296750933815,3.347216721146414,6.823936036809041,0.0089944121884496,0.91623710259193,0.0,1.404097441560023e-05,0.1867925841469673
Primate_BTG1.3.codon.fas.FEL.json,0.0,0.0,0.0,0.0,1.0,0.0,0.0,0.0,0.0
Primate_BTG1.3.codon.fas.FEL.json,0.0,0.0,0.0,0.0,1.0,0.0,0.0,0.0,0.0
Primate_BTG1.3.codon.fas.FEL.json,3.653079600115731,1.412637097791831e-07,1.198284710953857,2.207835061521827,0.1373112486261352,0.3280077159953174,0.0,3.866975955703452e-08,0.9503049613165572
Primate_BTG1.3.codon.fas.FEL.json,0.0,0.0,0.0,0.0,1.0,0.0,0.0,0.0,0.0
Primate_BTG1.3.codon.fas.FEL.json,0.0,0.0,0.0,0.0,1.0,0.0,0.0,0.0,0.0
Primate_BTG1.3.codon.fas.FEL.json,5.427942798414959,5.733744746630018e-05,1.423934093338355,2.645353868140994,0.1038530294973361,0.3897749553292616,0.0,1.056338461839421e-05,0.6933077984091246
Primate_BTG1.3.codon.fas.FEL.json,0.0,0.0,0.0,0.0,1.0,0.0,0.0,0.0,0.0
Primate_BTG1.3.codon.fas.FEL.json,0.0,0.0,0.0,0.0,1.0,0.0,0.0,0.0,0.0
Primate_BTG1.3.codon.fas.FEL.json,0.0,0.0,0.0,0.0,1.0,0.0,0.0,0.0,0.0
Primate_BTG1.3.codon.fas.FEL.json,3.599866503947013,8.109570658123671e-07,1.121516246708676,2.338553837294747,0.1262066707433614,0.3069938047041638,0.0,2.252742052860035e-07,0.8768589280777902
Primate_BTG1.3.codon.fas.FEL.json,0.0,0.0,0.0,0.0,1.0,0.0,0.0,0.0,0.0
Primate_BTG1.3.codon.fas.FEL.json,0.0,0.0,0.0,0.0,1.0,0.0,0.0,0.0,0.0
Primate_BTG1.3.codon.fas.FEL.json,6.988924339297095,0.0004284299890689,1.395160225160143,3.13771730815006,0.0765008061334691,0.3818986545676733,0.0,6.130127731673948e-05,0.4883527195018021
Primate_BTG1.3.codon.fas.FEL.json,0.0,0.0,0.0,0.0,1.0,0.0,0.0,0.0,0.0
Primate_BTG1.3.codon.fas.FEL.json,0.0,0.0,0.0,0.0,1.0,0.0,0.0,0.0,0.0
Primate_BTG1.3.codon.fas.FEL.json,6.456680977572704,4.174078322970007e-08,1.537723521891725,2.828342977309514,0.0926138724856607,0.4209226535540793,0.0,6.464743011879753e-09,0.6116077117882093
Primate_BTG1.3.codon.fas.FEL.json,0.0,0.0,0.0,0.0,1.0,0.0,0.0,0.0,0.0
Primate_BTG1.3.codon.fas.FEL.json,0.0,0.0,0.0,0.0,1.0,0.0,0.0,0.0,0.0
Primate_BTG1.3.codon.fas.FEL.json,0.0,0.0,0.0,0.0,1.0,0.0,0.0,0.0,0.0
Primate_BTG1.3.codon.fas.FEL.json,0.0,0.0,0.0,0.0,1.0,0.0,0.0,0.0,0.0
Primate_BTG1.3.codon.fas.FEL.json,0.0,0.0,0.0,0.0,1.0,0.0,0.0,0.0,0.0
Primate_BTG1.3.codon.fas.FEL.json,0.0,0.0,0.0,0.0,1.0,0.0,0.0,0.0,0.0
Primate_BTG1.3.codon.fas.FEL.json,0.0,0.0,0.0,0.0,1.0,0.0,0.0,0.0,0.0
Primate_BTG1.3.codon.fas.FEL.json,0.0,0.0,0.0,0.0,1.0,0.0,0.0,0.0,0.0
Primate_BTG1.3.codon.fas.FEL.json,6.432880347913157e-05,1.519302060376388,1.136003929649594,0.5797995782672984,0.4463908906175378,0.3109595331725943,997.2391779798762,10000.0,10000.0
Primate_BTG1.3.codon.fas.FEL.json,11.96454974354484,4.644173477749209e-06,2.622624471946513,5.779117190757141,0.0162176849698433,0.7178937151520804,0.0,3.881611575274573e-07,0.2766590651201117
Primate_BTG1.3.codon.fas.FEL.json,0.0,0.0,0.0,0.0,1.0,0.0,0.0,0.0,0.0
Primate_BTG1.3.codon.fas.FEL.json,0.0,0.0,0.0,0.0,1.0,0.0,0.0,0.0,0.0
Primate_BTG1.3.codon.fas.FEL.json,3.66866494848299e-06,1.534581695204519,1.069273065985917,0.7208041167955592,0.3958802709421693,0.292693224692956,1434.97934810526,10000.0,10000.0
Primate_BTG1.3.codon.fas.FEL.json,0.0,0.0,0.0,0.0,1.0,0.0,0.0,0.0,0.0
Primate_BTG1.3.codon.fas.FEL.json,0.0,0.0,0.0,0.0,1.0,0.0,0.0,0.0,0.0
Primate_BTG1.3.codon.fas.FEL.json,0.0,0.0,0.0,0.0,1.0,0.0,0.0,0.0,0.0
Primate_BTG1.3.codon.fas.FEL.json,2.661779976714958e-06,1.394705407179718,1.332991547592272,0.0855532535378102,0.7699082756838421,0.3648811580169126,1440.901393970141,10000.0,10000.0
Primate_BTG1.3.codon.fas.FEL.json,0.0,0.0,0.0,0.0,1.0,0.0,0.0,0.0,0.0
Primate_BTG1.3.codon.fas.FEL.json,0.0,0.0,0.0,0.0,1.0,0.0,0.0,0.0,0.0
Primate_BTG1.3.codon.fas.FEL.json,0.0,0.0,0.0,0.0,1.0,0.0,0.0,0.0,0.0
Primate_BTG1.3.codon.fas.FEL.json,8.17991184765567,8.52324202434986e-07,3.511609680047985,4.95756827321182,0.025976712224577,0.9612365576313702,0.0,1.041972356559391e-07,0.4839369645599525
Primate_BTG1.3.codon.fas.FEL.json,0.0,0.0,0.0,0.0,1.0,0.0,0.0,0.0,0.0
Primate_BTG1.3.codon.fas.FEL.json,0.0,0.0,0.0,0.0,1.0,0.0,0.0,0.0,0.0
Primate_BTG1.3.codon.fas.FEL.json,0.0,0.0,0.0,0.0,1.0,0.0,0.0,0.0,0.0
Primate_BTG1.3.codon.fas.FEL.json,0.0,0.0,0.0,0.0,1.0,0.0,0.0,0.0,0.0
Primate_BTG1.3.codon.fas.FEL.json,0.0,0.0,0.0,0.0,1.0,0.0,0.0,0.0,0.0
Primate_BTG1.3.codon.fas.FEL.json,0.0,0.0,0.0,0.0,1.0,0.0,0.0,0.0,0.0
Primate_BTG1.3.codon.fas.FEL.json,0.0,0.0,0.0,0.0,1.0,0.0,0.0,0.0,0.0
Primate_BTG1.3.codon.fas.FEL.json,0.0,0.0,0.0,0.0,1.0,0.0,0.0,0.0,0.0
Primate_BTG1.3.codon.fas.FEL.json,0.0,0.0,0.0,0.0,1.0,0.0,0.0,0.0,0.0
Primate_BTG1.3.codon.fas.FEL.json,0.0,0.0,0.0,0.0,1.0,0.0,0.0,0.0,0.0
Primate_BTG1.3.codon.fas.FEL.json,0.0,0.0,0.0,0.0,1.0,0.0,0.0,0.0,0.0
Primate_BTG1.3.codon.fas.FEL.json,3.428745330196104,5.405435436129549e-07,1.038955436057162,2.35092442009053,0.1252087386523258,0.2843943484272257,0.0,1.576505373124457e-07,0.8494932372571027
Primate_BTG1.3.codon.fas.FEL.json,0.0,0.0,0.0,0.0,1.0,0.0,0.0,0.0,0.0
Primate_BTG1.3.codon.fas.FEL.json,0.0,0.0,0.0,0.0,1.0,0.0,0.0,0.0,0.0
Primate_BTG1.3.codon.fas.FEL.json,0.0,0.0,0.0,0.0,1.0,0.0,0.0,0.0,0.0
Primate_BTG1.3.codon.fas.FEL.json,0.0,0.0,0.0,0.0,1.0,0.0,0.0,0.0,0.0
Primate_BTG1.3.codon.fas.FEL.json,0.0,0.0,0.0,0.0,1.0,0.0,0.0,0.0,0.0
Primate_BTG1.3.codon.fas.FEL.json,0.0,0.0,0.0,0.0,1.0,0.0,0.0,0.0,0.0
Primate_BTG1.3.codon.fas.FEL.json,4.875634286806709e-05,1.527921790081203,1.224337391979173,0.4493588253306022,0.5026395953740025,0.3351391433769336,1099.722597126528,10000.0,10000.0
Primate_BTG1.3.codon.fas.FEL.json,0.0,0.0,0.0,0.0,1.0,0.0,0.0,0.0,0.0
Primate_BTG1.3.codon.fas.FEL.json,0.0,0.0,0.0,0.0,1.0,0.0,0.0,0.0,0.0
Primate_BTG1.3.codon.fas.FEL.json,0.0,0.0,0.0,0.0,1.0,0.0,0.0,0.0,0.0
Primate_BTG1.3.codon.fas.FEL.json,0.0,0.0,0.0,0.0,1.0,0.0,0.0,0.0,0.0
Primate_BTG1.3.codon.fas.FEL.json,0.0,0.0,0.0,0.0,1.0,0.0,0.0,0.0,0.0
Primate_BTG1.3.codon.fas.FEL.json,0.0,0.0,0.0,0.0,1.0,0.0,0.0,0.0,0.0
